{
  "version": "1.0",
  "face_id": "WF-262",
  "num_gaussians": 15000,
  "sh_degree": 0,
  "bounding_box": {
    "min": [
      -0.2203371375799179,
      -0.3374117910861969,
      0.0
    ],
    "max": [
      0.22099485993385315,
      0.34333130717277527,
      0.24956747889518738
    ]
  },
  "camera": {
    "fov": 49.0,
    "aspect_ratio": 1.0
  }
}