{
  "version": "1.0",
  "face_id": "WM-023",
  "num_gaussians": 15000,
  "sh_degree": 0,
  "bounding_box": {
    "min": [
      -0.22559891641139984,
      -0.3407943546772003,
      0.0
    ],
    "max": [
      0.22362574934959412,
      0.33994871377944946,
      0.24922601878643036
    ]
  },
  "camera": {
    "fov": 49.0,
    "aspect_ratio": 1.0
  }
}