{
  "version": "1.0",
  "face_id": "WF-423",
  "num_gaussians": 15000,
  "sh_degree": 0,
  "bounding_box": {
    "min": [
      -0.2216525822877884,
      -0.33825743198394775,
      0.0
    ],
    "max": [
      0.22296802699565887,
      0.3424856662750244,
      0.24942322075366974
    ]
  },
  "camera": {
    "fov": 49.0,
    "aspect_ratio": 1.0
  }
}