{
  "version": "1.0",
  "face_id": "WM-007",
  "num_gaussians": 15000,
  "sh_degree": 0,
  "bounding_box": {
    "min": [
      -0.22428347170352936,
      -0.34163999557495117,
      0.0
    ],
    "max": [
      0.2203371375799179,
      0.33825743198394775,
      0.249850332736969
    ]
  },
  "camera": {
    "fov": 49.0,
    "aspect_ratio": 1.0
  }
}