{
  "version": "1.0",
  "face_id": "WF-228",
  "num_gaussians": 15000,
  "sh_degree": 0,
  "bounding_box": {
    "min": [
      -0.2249411940574646,
      -0.3391030728816986,
      0.0
    ],
    "max": [
      0.2216525822877884,
      0.3424856662750244,
      0.24985583126544952
    ]
  },
  "camera": {
    "fov": 49.0,
    "aspect_ratio": 1.0
  }
}