{
  "version": "1.0",
  "face_id": "WF-010",
  "num_gaussians": 15000,
  "sh_degree": 0,
  "bounding_box": {
    "min": [
      -0.22099485993385315,
      -0.34163999557495117,
      0.0
    ],
    "max": [
      0.2249411940574646,
      0.33994871377944946,
      0.2496199607849121
    ]
  },
  "camera": {
    "fov": 49.0,
    "aspect_ratio": 1.0
  }
}