{
  "version": "1.0",
  "face_id": "WF-038",
  "num_gaussians": 15000,
  "sh_degree": 0,
  "bounding_box": {
    "min": [
      -0.22559891641139984,
      -0.33994871377944946,
      0.0
    ],
    "max": [
      0.22296802699565887,
      0.3424856662750244,
      0.24952541291713715
    ]
  },
  "camera": {
    "fov": 49.0,
    "aspect_ratio": 1.0
  }
}