{
  "version": "1.0",
  "face_id": "WF-016",
  "num_gaussians": 15000,
  "sh_degree": 0,
  "bounding_box": {
    "min": [
      -0.2203371375799179,
      -0.33656615018844604,
      0.0
    ],
    "max": [
      0.22559891641139984,
      0.34333130717277527,
      0.249808669090271
    ]
  },
  "camera": {
    "fov": 49.0,
    "aspect_ratio": 1.0
  }
}