{
  "version": "1.0",
  "face_id": "WM-004",
  "num_gaussians": 15000,
  "sh_degree": 0,
  "bounding_box": {
    "min": [
      -0.2249411940574646,
      -0.3424856662750244,
      0.0
    ],
    "max": [
      0.22362574934959412,
      0.34163999557495117,
      0.24986329674720764
    ]
  },
  "camera": {
    "fov": 49.0,
    "aspect_ratio": 1.0
  }
}