{
  "version": "1.0",
  "face_id": "LF-010",
  "num_gaussians": 15000,
  "sh_degree": 0,
  "bounding_box": {
    "min": [
      -0.22362574934959412,
      -0.3391030728816986,
      0.0
    ],
    "max": [
      0.2203371375799179,
      0.33825743198394775,
      0.24986881017684937
    ]
  },
  "camera": {
    "fov": 49.0,
    "aspect_ratio": 1.0
  }
}