{
  "version": "1.0",
  "face_id": "LF-007",
  "num_gaussians": 15000,
  "sh_degree": 0,
  "bounding_box": {
    "min": [
      -0.22559891641139984,
      -0.33825743198394775,
      0.0
    ],
    "max": [
      0.2249411940574646,
      0.34163999557495117,
      0.24949054419994354
    ]
  },
  "camera": {
    "fov": 49.0,
    "aspect_ratio": 1.0
  }
}