{
  "version": "1.0",
  "face_id": "WF-259",
  "num_gaussians": 15000,
  "sh_degree": 0,
  "bounding_box": {
    "min": [
      -0.2249411940574646,
      -0.3357205092906952,
      0.0
    ],
    "max": [
      0.2216525822877884,
      0.34163999557495117,
      0.24943453073501587
    ]
  },
  "camera": {
    "fov": 49.0,
    "aspect_ratio": 1.0
  }
}