{
  "version": "1.0",
  "face_id": "WF-015",
  "num_gaussians": 15000,
  "sh_degree": 0,
  "bounding_box": {
    "min": [
      -0.2216525822877884,
      -0.33994871377944946,
      0.0
    ],
    "max": [
      0.22231030464172363,
      0.33994871377944946,
      0.24909566342830658
    ]
  },
  "camera": {
    "fov": 49.0,
    "aspect_ratio": 1.0
  }
}