{
  "version": "1.0",
  "face_id": "WF-311",
  "num_gaussians": 15000,
  "sh_degree": 0,
  "bounding_box": {
    "min": [
      -0.2203371375799179,
      -0.34163999557495117,
      0.0
    ],
    "max": [
      0.22625663876533508,
      0.3407943546772003,
      0.24954558908939362
    ]
  },
  "camera": {
    "fov": 49.0,
    "aspect_ratio": 1.0
  }
}