{
  "version": "1.0",
  "face_id": "AF-C01",
  "num_gaussians": 15000,
  "sh_degree": 0,
  "bounding_box": {
    "min": [
      -0.2249411940574646,
      -0.34333130717277527,
      0.0
    ],
    "max": [
      0.22231030464172363,
      0.3424856662750244,
      0.24937817454338074
    ]
  },
  "camera": {
    "fov": 49.0,
    "aspect_ratio": 1.0
  }
}