{
  "version": "1.0",
  "face_id": "WM-248",
  "num_gaussians": 15000,
  "sh_degree": 0,
  "bounding_box": {
    "min": [
      -0.22296802699565887,
      -0.33825743198394775,
      0.0
    ],
    "max": [
      0.2249411940574646,
      0.3374117910861969,
      0.24949556589126587
    ]
  },
  "camera": {
    "fov": 49.0,
    "aspect_ratio": 1.0
  }
}