{
  "version": "1.0",
  "face_id": "WM-253",
  "num_gaussians": 15000,
  "sh_degree": 0,
  "bounding_box": {
    "min": [
      -0.22428347170352936,
      -0.3391030728816986,
      0.0
    ],
    "max": [
      0.2249411940574646,
      0.3407943546772003,
      0.24938571453094482
    ]
  },
  "camera": {
    "fov": 49.0,
    "aspect_ratio": 1.0
  }
}