{
  "version": "1.0",
  "face_id": "BM-001",
  "num_gaussians": 15000,
  "sh_degree": 0,
  "bounding_box": {
    "min": [
      -0.22296802699565887,
      -0.33656615018844604,
      0.0
    ],
    "max": [
      0.22296802699565887,
      0.33825743198394775,
      0.24922402203083038
    ]
  },
  "camera": {
    "fov": 49.0,
    "aspect_ratio": 1.0
  }
}