{
  "version": "1.0",
  "face_id": "BF-002",
  "num_gaussians": 15000,
  "sh_degree": 0,
  "bounding_box": {
    "min": [
      -0.2249411940574646,
      -0.3340292274951935,
      0.0
    ],
    "max": [
      0.2249411940574646,
      0.34163999557495117,
      0.24864956736564636
    ]
  },
  "camera": {
    "fov": 49.0,
    "aspect_ratio": 1.0
  }
}