{
  "version": "1.0",
  "face_id": "WF-217",
  "num_gaussians": 15000,
  "sh_degree": 0,
  "bounding_box": {
    "min": [
      -0.22231030464172363,
      -0.34333130717277527,
      0.0
    ],
    "max": [
      0.2203371375799179,
      0.33825743198394775,
      0.24964451789855957
    ]
  },
  "camera": {
    "fov": 49.0,
    "aspect_ratio": 1.0
  }
}