{
  "version": "1.0",
  "face_id": "WM-279",
  "num_gaussians": 15000,
  "sh_degree": 0,
  "bounding_box": {
    "min": [
      -0.22362574934959412,
      -0.3331835865974426,
      0.0
    ],
    "max": [
      0.22625663876533508,
      0.33994871377944946,
      0.24955376982688904
    ]
  },
  "camera": {
    "fov": 49.0,
    "aspect_ratio": 1.0
  }
}