{
  "version": "1.0",
  "face_id": "LF-004",
  "num_gaussians": 15000,
  "sh_degree": 0,
  "bounding_box": {
    "min": [
      -0.22428347170352936,
      -0.33487486839294434,
      0.0
    ],
    "max": [
      0.22296802699565887,
      0.3391030728816986,
      0.24948568642139435
    ]
  },
  "camera": {
    "fov": 49.0,
    "aspect_ratio": 1.0
  }
}