{
  "version": "1.0",
  "face_id": "WF-279",
  "num_gaussians": 15000,
  "sh_degree": 0,
  "bounding_box": {
    "min": [
      -0.22231030464172363,
      -0.3331835865974426,
      0.0
    ],
    "max": [
      0.22559891641139984,
      0.33994871377944946,
      0.24969908595085144
    ]
  },
  "camera": {
    "fov": 49.0,
    "aspect_ratio": 1.0
  }
}