{
  "version": "1.0",
  "face_id": "WM-015",
  "num_gaussians": 15000,
  "sh_degree": 0,
  "bounding_box": {
    "min": [
      -0.22559891641139984,
      -0.33825743198394775,
      0.0
    ],
    "max": [
      0.21967941522598267,
      0.33994871377944946,
      0.24904145300388336
    ]
  },
  "camera": {
    "fov": 49.0,
    "aspect_ratio": 1.0
  }
}