{
  "version": "1.0",
  "face_id": "AM-010",
  "num_gaussians": 15000,
  "sh_degree": 0,
  "bounding_box": {
    "min": [
      -0.2249411940574646,
      -0.34163999557495117,
      0.0
    ],
    "max": [
      0.22231030464172363,
      0.33825743198394775,
      0.24961034953594208
    ]
  },
  "camera": {
    "fov": 49.0,
    "aspect_ratio": 1.0
  }
}