{
  "version": "1.0",
  "face_id": "WF-019",
  "num_gaussians": 15000,
  "sh_degree": 0,
  "bounding_box": {
    "min": [
      -0.22296802699565887,
      -0.3357205092906952,
      0.0
    ],
    "max": [
      0.2249411940574646,
      0.33994871377944946,
      0.2496853619813919
    ]
  },
  "camera": {
    "fov": 49.0,
    "aspect_ratio": 1.0
  }
}