{
  "version": "1.0",
  "face_id": "WM-005",
  "num_gaussians": 15000,
  "sh_degree": 0,
  "bounding_box": {
    "min": [
      -0.22428347170352936,
      -0.33825743198394775,
      0.0
    ],
    "max": [
      0.2216525822877884,
      0.3374117910861969,
      0.24931152164936066
    ]
  },
  "camera": {
    "fov": 49.0,
    "aspect_ratio": 1.0
  }
}