{
  "version": "1.0",
  "face_id": "WF-276",
  "num_gaussians": 15000,
  "sh_degree": 0,
  "bounding_box": {
    "min": [
      -0.2249411940574646,
      -0.3391030728816986,
      0.0
    ],
    "max": [
      0.22099485993385315,
      0.3391030728816986,
      0.24962174892425537
    ]
  },
  "camera": {
    "fov": 49.0,
    "aspect_ratio": 1.0
  }
}