{
  "version": "1.0",
  "face_id": "WF-323",
  "num_gaussians": 15000,
  "sh_degree": 0,
  "bounding_box": {
    "min": [
      -0.22625663876533508,
      -0.3407943546772003,
      0.0
    ],
    "max": [
      0.22428347170352936,
      0.3331835865974426,
      0.2497383952140808
    ]
  },
  "camera": {
    "fov": 49.0,
    "aspect_ratio": 1.0
  }
}