{
  "version": "1.0",
  "face_id": "WM-275",
  "num_gaussians": 15000,
  "sh_degree": 0,
  "bounding_box": {
    "min": [
      -0.22559891641139984,
      -0.33994871377944946,
      0.0
    ],
    "max": [
      0.22428347170352936,
      0.33487486839294434,
      0.24981383979320526
    ]
  },
  "camera": {
    "fov": 49.0,
    "aspect_ratio": 1.0
  }
}