{
  "version": "1.0",
  "face_id": "WF-260",
  "num_gaussians": 15000,
  "sh_degree": 0,
  "bounding_box": {
    "min": [
      -0.2216525822877884,
      -0.3391030728816986,
      0.0
    ],
    "max": [
      0.2216525822877884,
      0.33994871377944946,
      0.249581441283226
    ]
  },
  "camera": {
    "fov": 49.0,
    "aspect_ratio": 1.0
  }
}