{
  "version": "1.0",
  "face_id": "WF-009",
  "num_gaussians": 15000,
  "sh_degree": 0,
  "bounding_box": {
    "min": [
      -0.22296802699565887,
      -0.3407943546772003,
      0.0
    ],
    "max": [
      0.22362574934959412,
      0.3407943546772003,
      0.24932801723480225
    ]
  },
  "camera": {
    "fov": 49.0,
    "aspect_ratio": 1.0
  }
}