{
  "version": "1.0",
  "face_id": "WF-008",
  "num_gaussians": 15000,
  "sh_degree": 0,
  "bounding_box": {
    "min": [
      -0.2249411940574646,
      -0.3407943546772003,
      0.0
    ],
    "max": [
      0.22231030464172363,
      0.34333130717277527,
      0.24914813041687012
    ]
  },
  "camera": {
    "fov": 49.0,
    "aspect_ratio": 1.0
  }
}