{
  "version": "1.0",
  "face_id": "WF-002",
  "num_gaussians": 15000,
  "sh_degree": 0,
  "bounding_box": {
    "min": [
      -0.22428347170352936,
      -0.33656615018844604,
      0.0
    ],
    "max": [
      0.2216525822877884,
      0.3407943546772003,
      0.24943380057811737
    ]
  },
  "camera": {
    "fov": 49.0,
    "aspect_ratio": 1.0
  }
}