{
  "version": "1.0",
  "face_id": "WM-003",
  "num_gaussians": 15000,
  "sh_degree": 0,
  "bounding_box": {
    "min": [
      -0.22428347170352936,
      -0.3374117910861969,
      0.0
    ],
    "max": [
      0.22625663876533508,
      0.34163999557495117,
      0.24933281540870667
    ]
  },
  "camera": {
    "fov": 49.0,
    "aspect_ratio": 1.0
  }
}