{
  "version": "1.0",
  "face_id": "WM-026",
  "num_gaussians": 15000,
  "sh_degree": 0,
  "bounding_box": {
    "min": [
      -0.22559891641139984,
      -0.3424856662750244,
      0.0
    ],
    "max": [
      0.22231030464172363,
      0.33994871377944946,
      0.24914266169071198
    ]
  },
  "camera": {
    "fov": 49.0,
    "aspect_ratio": 1.0
  }
}