{
  "version": "1.0",
  "face_id": "WM-022",
  "num_gaussians": 15000,
  "sh_degree": 0,
  "bounding_box": {
    "min": [
      -0.22362574934959412,
      -0.3374117910861969,
      0.0
    ],
    "max": [
      0.22231030464172363,
      0.3374117910861969,
      0.24973240494728088
    ]
  },
  "camera": {
    "fov": 49.0,
    "aspect_ratio": 1.0
  }
}