{
  "version": "1.0",
  "face_id": "WF-281",
  "num_gaussians": 15000,
  "sh_degree": 0,
  "bounding_box": {
    "min": [
      -0.22231030464172363,
      -0.33656615018844604,
      0.0
    ],
    "max": [
      0.22428347170352936,
      0.3407943546772003,
      0.2497478574514389
    ]
  },
  "camera": {
    "fov": 49.0,
    "aspect_ratio": 1.0
  }
}