{
  "version": "1.0",
  "face_id": "WM-C53",
  "num_gaussians": 15000,
  "sh_degree": 0,
  "bounding_box": {
    "min": [
      -0.22559891641139984,
      -0.3391030728816986,
      0.0
    ],
    "max": [
      0.22428347170352936,
      0.3391030728816986,
      0.24869848787784576
    ]
  },
  "camera": {
    "fov": 49.0,
    "aspect_ratio": 1.0
  }
}