{
  "version": "1.0",
  "face_id": "AM-011",
  "num_gaussians": 15000,
  "sh_degree": 0,
  "bounding_box": {
    "min": [
      -0.22362574934959412,
      -0.33656615018844604,
      0.0
    ],
    "max": [
      0.22231030464172363,
      0.3391030728816986,
      0.2494984269142151
    ]
  },
  "camera": {
    "fov": 49.0,
    "aspect_ratio": 1.0
  }
}