{
  "version": "1.0",
  "face_id": "LF-011",
  "num_gaussians": 15000,
  "sh_degree": 0,
  "bounding_box": {
    "min": [
      -0.2216525822877884,
      -0.3391030728816986,
      0.0
    ],
    "max": [
      0.22559891641139984,
      0.3424856662750244,
      0.2491048127412796
    ]
  },
  "camera": {
    "fov": 49.0,
    "aspect_ratio": 1.0
  }
}