{
  "version": "1.0",
  "face_id": "WF-264",
  "num_gaussians": 15000,
  "sh_degree": 0,
  "bounding_box": {
    "min": [
      -0.22428347170352936,
      -0.33994871377944946,
      0.0
    ],
    "max": [
      0.22428347170352936,
      0.34333130717277527,
      0.24970845878124237
    ]
  },
  "camera": {
    "fov": 49.0,
    "aspect_ratio": 1.0
  }
}