{
  "version": "1.0",
  "face_id": "WF-001",
  "num_gaussians": 15000,
  "sh_degree": 0,
  "bounding_box": {
    "min": [
      -0.2216525822877884,
      -0.3407943546772003,
      0.0
    ],
    "max": [
      0.22362574934959412,
      0.33825743198394775,
      0.24958553910255432
    ]
  },
  "camera": {
    "fov": 49.0,
    "aspect_ratio": 1.0
  }
}