{
  "version": "1.0",
  "face_id": "LM-004",
  "num_gaussians": 15000,
  "sh_degree": 0,
  "bounding_box": {
    "min": [
      -0.22362574934959412,
      -0.3357205092906952,
      0.0
    ],
    "max": [
      0.22231030464172363,
      0.3407943546772003,
      0.24936836957931519
    ]
  },
  "camera": {
    "fov": 49.0,
    "aspect_ratio": 1.0
  }
}